{
    "__categories": [
        {
            "expanded": true,
            "id": "raw",
            "visible": true
        }
    ],
    "__groups": [
    ],
    "bitsPerPixel": {
        "enabled": false,
        "type": "integer",
        "value": 32,
        "visible": true
    },
    "colorCount": {
        "enabled": false,
        "type": "integer",
        "value": 111,
        "visible": true
    },
    "colorMaskMode": {
        "enabled": true,
        "type": "combo",
        "value": 0,
        "visible": true
    },
    "colorMode": {
        "enabled": true,
        "type": "combo",
        "value": 6,
        "visible": true
    },
    "maskColor": {
        "enabled": true,
        "image": "{94884a27-4333-4d7b-9ac0-971770b5f347}",
        "type": "imagecolor",
        "value": 0,
        "visible": false
    },
    "outputSize": {
        "enabled": false,
        "type": "integer",
        "value": 1092,
        "visible": true
    },
    "renderMode": {
        "enabled": true,
        "type": "combo",
        "value": 0,
        "visible": true
    },
    "useRLE": {
        "enabled": true,
        "type": "boolean",
        "value": true,
        "visible": true
    }
}
