{
    "bindings": [
        {
            "font": "{592d5ab5-058b-4149-b934-a1564366d3a9}",
            "language": "{057e3006-1877-4bce-b936-939f86726b63}",
            "string": "{5fd9c568-ca86-448e-b66a-c3b52e40bd91}"
        },
        {
            "font": "{592d5ab5-058b-4149-b934-a1564366d3a9}",
            "language": "{057e3006-1877-4bce-b936-939f86726b63}",
            "string": "{e21bbb5d-3dbd-44d5-baca-c32227073ada}"
        },
        {
            "font": "{9aaa078b-27fc-4711-b5b9-0ad95b28d2f2}",
            "language": "{057e3006-1877-4bce-b936-939f86726b63}",
            "string": "{016eb320-6286-49ad-804e-bc9c07fd416c}"
        }
    ],
    "defaultLanguage": "{057e3006-1877-4bce-b936-939f86726b63}",
    "encoding": "ASCII",
    "languages": [
        {
            "properties": {
                "__categories": [
                ],
                "__groups": [
                ],
                "enabled": {
                    "enabled": true,
                    "type": "boolean",
                    "value": true,
                    "visible": true
                },
                "id": {
                    "enabled": true,
                    "type": "uuid",
                    "value": "{057e3006-1877-4bce-b936-939f86726b63}",
                    "visible": true
                },
                "name": {
                    "enabled": true,
                    "type": "text",
                    "value": "Default",
                    "visible": true
                }
            }
        }
    ],
    "paths": [
    ],
    "strings": [
        {
            "properties": {
                "__categories": [
                ],
                "__groups": [
                ],
                "description": {
                    "enabled": true,
                    "type": "text",
                    "value": "",
                    "visible": true
                },
                "id": {
                    "enabled": true,
                    "type": "uuid",
                    "value": "{016eb320-6286-49ad-804e-bc9c07fd416c}",
                    "visible": true
                },
                "name": {
                    "enabled": true,
                    "type": "text",
                    "value": "Latte",
                    "visible": true
                },
                "path": {
                    "enabled": true,
                    "type": "text",
                    "value": "/",
                    "visible": true
                }
            },
            "values": [
                {
                    "language": "{057e3006-1877-4bce-b936-939f86726b63}",
                    "value": "Latte"
                }
            ]
        },
        {
            "properties": {
                "__categories": [
                ],
                "__groups": [
                ],
                "description": {
                    "enabled": true,
                    "type": "text",
                    "value": "",
                    "visible": true
                },
                "id": {
                    "enabled": true,
                    "type": "uuid",
                    "value": "{5fd9c568-ca86-448e-b66a-c3b52e40bd91}",
                    "visible": true
                },
                "name": {
                    "enabled": true,
                    "type": "text",
                    "value": "Start",
                    "visible": true
                },
                "path": {
                    "enabled": true,
                    "type": "text",
                    "value": "/",
                    "visible": true
                }
            },
            "values": [
                {
                    "language": "{057e3006-1877-4bce-b936-939f86726b63}",
                    "value": "Start"
                }
            ]
        },
        {
            "properties": {
                "__categories": [
                ],
                "__groups": [
                ],
                "description": {
                    "enabled": true,
                    "type": "text",
                    "value": "",
                    "visible": true
                },
                "id": {
                    "enabled": true,
                    "type": "uuid",
                    "value": "{e21bbb5d-3dbd-44d5-baca-c32227073ada}",
                    "visible": true
                },
                "name": {
                    "enabled": true,
                    "type": "text",
                    "value": "Fast",
                    "visible": true
                },
                "path": {
                    "enabled": true,
                    "type": "text",
                    "value": "/",
                    "visible": true
                }
            },
            "values": [
                {
                    "language": "{057e3006-1877-4bce-b936-939f86726b63}",
                    "value": "Fast."
                }
            ]
        }
    ]
}
