{
    "images": [
        {
            "id": "{8c3165e8-ae4a-4edc-97a0-20c0cb9ee3d0}",
            "name": "imgLatte",
            "type": "RGB"
        },
        {
            "id": "{524c0b07-cf53-4e38-92c3-c59a6edc782b}",
            "name": "imgEspresso",
            "type": "RGB"
        },
        {
            "id": "{f215e9af-1c9a-432f-9a3b-2a1d8c11f11a}",
            "name": "imgCapuccino",
            "type": "RGB"
        },
        {
            "id": "{60d4ca7f-c6a4-4f4a-b067-94e30200e073}",
            "name": "imgAmericano",
            "type": "RGB"
        },
        {
            "id": "{a496156d-41c0-4957-84a8-3896a8c28bee}",
            "name": "imgStartButton",
            "type": "RGB"
        },
        {
            "id": "{4c2b2bfe-bea9-4277-a0e5-1b82bbed007e}",
            "name": "imgBar",
            "type": "RGB"
        },
        {
            "id": "{3e7c3fb4-5a65-4ec5-a5cf-eb5a4a340427}",
            "name": "imgMchpLogo",
            "type": "RGB"
        },
        {
            "id": "{e0bf6596-c893-40e3-b427-feb168307a06}",
            "name": "imgBrew",
            "type": "RGB"
        },
        {
            "id": "{c60f33b9-b0dd-4df0-8eef-4d61f0fe2217}",
            "name": "imgSettings",
            "type": "RGB"
        },
        {
            "id": "{ab6dcc04-7cdc-4efb-9d2f-018ff955220d}",
            "name": "imgBigCircle",
            "type": "RGB"
        },
        {
            "id": "{0fe90969-be98-4169-a95f-fd64af6388ac}",
            "name": "imgKnob",
            "type": "RGB"
        },
        {
            "id": "{1d88d354-74c9-470b-8f1d-f039bc78827e}",
            "name": "imgLowWater",
            "type": "RGB"
        },
        {
            "id": "{30e8fa33-0e81-48d2-b837-d756cf0da763}",
            "name": "imgCancel",
            "type": "RGB"
        },
        {
            "id": "{dedd279e-79b9-4853-92db-a07c4dadc527}",
            "name": "imgResume",
            "type": "RGB"
        },
        {
            "id": "{61e51861-e7ca-4a64-a98b-f247d25833c4}",
            "name": "BigCoffee",
            "type": "RGB"
        },
        {
            "id": "{56ff261b-7101-4b87-a922-b61a59dcec7b}",
            "name": "imgAmerSelect",
            "type": "RGB"
        },
        {
            "id": "{8ccd4ebd-7b6a-4074-86fd-ef9ad80cd7e9}",
            "name": "imgCapuccSelect",
            "type": "RGB"
        },
        {
            "id": "{bd5c1776-de0f-4eb7-abec-518aa3cf4bec}",
            "name": "imgEspressoSelect",
            "type": "RGB"
        },
        {
            "id": "{6c3d1382-2d59-4bea-92a6-37cd35085b7d}",
            "name": "imgLatteSelect",
            "type": "RGB"
        },
        {
            "id": "{da5b5b43-fe12-4de2-bcb2-301ebc3c4c59}",
            "name": "water_level0",
            "type": "RGB"
        },
        {
            "id": "{b3b4dca0-3671-4073-8364-f28c8d8d58c6}",
            "name": "water_level1",
            "type": "RGB"
        },
        {
            "id": "{29cf0e75-0170-4ace-b069-759270d48192}",
            "name": "water_level2",
            "type": "RGB"
        },
        {
            "id": "{59d9d494-b234-4bed-ac40-85be58401ced}",
            "name": "water_level3",
            "type": "RGB"
        }
    ],
    "paths": [
    ]
}
