{
    "fonts": [
        {
            "id": "{52a014be-5f3e-440d-84a5-b09293b5d2af}",
            "name": "inter12"
        },
        {
            "id": "{17e961fd-c64f-4b11-b61c-7e3e888cdac0}",
            "name": "inter24"
        },
        {
            "id": "{76869576-51ea-497b-acfa-7396c7fa9487}",
            "name": "inter16"
        },
        {
            "id": "{c540b6af-0644-411e-8e8f-30f55a086b0f}",
            "name": "inter80"
        },
        {
            "id": "{0e2eca1b-e542-4417-95e5-29be9dc7b5d9}",
            "name": "inter35"
        }
    ],
    "paths": [
    ]
}
