{
    "bindings": [
        {
            "font": "{52a014be-5f3e-440d-84a5-b09293b5d2af}",
            "language": "{057e3006-1877-4bce-b936-939f86726b63}",
            "string": "{19985fcf-bdf4-474a-8b89-3bbe60a242c6}"
        },
        {
            "font": "{52a014be-5f3e-440d-84a5-b09293b5d2af}",
            "language": "{057e3006-1877-4bce-b936-939f86726b63}",
            "string": "{1c468468-77b3-45d1-ae45-2bffde0acefa}"
        },
        {
            "font": "{0e2eca1b-e542-4417-95e5-29be9dc7b5d9}",
            "language": "{057e3006-1877-4bce-b936-939f86726b63}",
            "string": "{6d0fe0ee-733c-4aa3-8a92-5fa34498fc07}"
        },
        {
            "font": "{52a014be-5f3e-440d-84a5-b09293b5d2af}",
            "language": "{057e3006-1877-4bce-b936-939f86726b63}",
            "string": "{53e7a581-7498-4bd3-bdcc-459d76a53a0e}"
        },
        {
            "font": "{52a014be-5f3e-440d-84a5-b09293b5d2af}",
            "language": "{057e3006-1877-4bce-b936-939f86726b63}",
            "string": "{a64ae098-592e-420e-9ddf-7a572e66f5d1}"
        },
        {
            "font": "{52a014be-5f3e-440d-84a5-b09293b5d2af}",
            "language": "{057e3006-1877-4bce-b936-939f86726b63}",
            "string": "{bba3f550-93ed-44ee-b486-d7ac4f4d886e}"
        },
        {
            "font": "{52a014be-5f3e-440d-84a5-b09293b5d2af}",
            "language": "{057e3006-1877-4bce-b936-939f86726b63}",
            "string": "{c79dc9cd-113f-4b66-9af0-1326e66387e7}"
        },
        {
            "font": "{17e961fd-c64f-4b11-b61c-7e3e888cdac0}",
            "language": "{057e3006-1877-4bce-b936-939f86726b63}",
            "string": "{c87ec8fa-c60e-4def-a003-f3d18d62768f}"
        },
        {
            "font": "{52a014be-5f3e-440d-84a5-b09293b5d2af}",
            "language": "{057e3006-1877-4bce-b936-939f86726b63}",
            "string": "{f5068084-5b99-4411-86fa-2a10dc906ba7}"
        },
        {
            "font": "{76869576-51ea-497b-acfa-7396c7fa9487}",
            "language": "{057e3006-1877-4bce-b936-939f86726b63}",
            "string": "{0c2b02b8-5b55-453b-8fd5-fb352a513a60}"
        },
        {
            "font": "{76869576-51ea-497b-acfa-7396c7fa9487}",
            "language": "{057e3006-1877-4bce-b936-939f86726b63}",
            "string": "{120fe01d-9c0d-4c6a-b545-8b974fb8ce5a}"
        },
        {
            "font": "{76869576-51ea-497b-acfa-7396c7fa9487}",
            "language": "{057e3006-1877-4bce-b936-939f86726b63}",
            "string": "{1ceaf8e4-a4d3-48c3-8443-062f1326476a}"
        },
        {
            "font": "{76869576-51ea-497b-acfa-7396c7fa9487}",
            "language": "{057e3006-1877-4bce-b936-939f86726b63}",
            "string": "{450f8073-6b63-4b61-8551-82dbf8e37051}"
        },
        {
            "font": "{76869576-51ea-497b-acfa-7396c7fa9487}",
            "language": "{057e3006-1877-4bce-b936-939f86726b63}",
            "string": "{50bd6849-e1d8-49a6-a0df-fe3915799419}"
        },
        {
            "font": "{76869576-51ea-497b-acfa-7396c7fa9487}",
            "language": "{057e3006-1877-4bce-b936-939f86726b63}",
            "string": "{535b5de0-356b-4c24-a5a4-a65378f34a41}"
        },
        {
            "font": "{76869576-51ea-497b-acfa-7396c7fa9487}",
            "language": "{057e3006-1877-4bce-b936-939f86726b63}",
            "string": "{69c65333-8632-400f-9e3d-7c41578fb162}"
        },
        {
            "font": "{76869576-51ea-497b-acfa-7396c7fa9487}",
            "language": "{057e3006-1877-4bce-b936-939f86726b63}",
            "string": "{bda15a39-f7be-4cbb-8510-66f83b64820e}"
        },
        {
            "font": "{76869576-51ea-497b-acfa-7396c7fa9487}",
            "language": "{057e3006-1877-4bce-b936-939f86726b63}",
            "string": "{f01cb45e-8693-463f-ab02-6d2468907269}"
        },
        {
            "font": "{c540b6af-0644-411e-8e8f-30f55a086b0f}",
            "language": "{057e3006-1877-4bce-b936-939f86726b63}",
            "string": "{813a3789-0850-415f-b0e5-4cc8ea73cf40}"
        }
    ],
    "defaultLanguage": "{057e3006-1877-4bce-b936-939f86726b63}",
    "encoding": "ASCII",
    "languages": [
        {
            "properties": {
                "__categories": [
                ],
                "__groups": [
                ],
                "enabled": {
                    "enabled": true,
                    "type": "boolean",
                    "value": true,
                    "visible": true
                },
                "id": {
                    "enabled": true,
                    "type": "uuid",
                    "value": "{057e3006-1877-4bce-b936-939f86726b63}",
                    "visible": true
                },
                "name": {
                    "enabled": true,
                    "type": "text",
                    "value": "Default",
                    "visible": true
                }
            }
        }
    ],
    "paths": [
    ],
    "strings": [
        {
            "properties": {
                "__categories": [
                ],
                "__groups": [
                ],
                "description": {
                    "enabled": true,
                    "type": "text",
                    "value": "",
                    "visible": true
                },
                "id": {
                    "enabled": true,
                    "type": "uuid",
                    "value": "{0c2b02b8-5b55-453b-8fd5-fb352a513a60}",
                    "visible": true
                },
                "name": {
                    "enabled": true,
                    "type": "text",
                    "value": "strCoffeeReady",
                    "visible": true
                },
                "path": {
                    "enabled": true,
                    "type": "text",
                    "value": "/",
                    "visible": true
                }
            },
            "values": [
                {
                    "language": "{057e3006-1877-4bce-b936-939f86726b63}",
                    "value": "Your coffee is\\nready"
                }
            ]
        },
        {
            "properties": {
                "__categories": [
                ],
                "__groups": [
                ],
                "description": {
                    "enabled": true,
                    "type": "text",
                    "value": "",
                    "visible": true
                },
                "id": {
                    "enabled": true,
                    "type": "uuid",
                    "value": "{120fe01d-9c0d-4c6a-b545-8b974fb8ce5a}",
                    "visible": true
                },
                "name": {
                    "enabled": true,
                    "type": "text",
                    "value": "strBrewReady",
                    "visible": true
                },
                "path": {
                    "enabled": true,
                    "type": "text",
                    "value": "/",
                    "visible": true
                }
            },
            "values": [
                {
                    "language": "{057e3006-1877-4bce-b936-939f86726b63}",
                    "value": "Ready to brew"
                }
            ]
        },
        {
            "properties": {
                "__categories": [
                ],
                "__groups": [
                ],
                "description": {
                    "enabled": true,
                    "type": "text",
                    "value": "",
                    "visible": true
                },
                "id": {
                    "enabled": true,
                    "type": "uuid",
                    "value": "{19985fcf-bdf4-474a-8b89-3bbe60a242c6}",
                    "visible": true
                },
                "name": {
                    "enabled": true,
                    "type": "text",
                    "value": "strMins",
                    "visible": true
                },
                "path": {
                    "enabled": true,
                    "type": "text",
                    "value": "/",
                    "visible": true
                }
            },
            "values": [
                {
                    "language": "{057e3006-1877-4bce-b936-939f86726b63}",
                    "value": "mins"
                }
            ]
        },
        {
            "properties": {
                "__categories": [
                ],
                "__groups": [
                ],
                "description": {
                    "enabled": true,
                    "type": "text",
                    "value": "",
                    "visible": true
                },
                "id": {
                    "enabled": true,
                    "type": "uuid",
                    "value": "{1c468468-77b3-45d1-ae45-2bffde0acefa}",
                    "visible": true
                },
                "name": {
                    "enabled": true,
                    "type": "text",
                    "value": "strCapuccino",
                    "visible": true
                },
                "path": {
                    "enabled": true,
                    "type": "text",
                    "value": "/",
                    "visible": true
                }
            },
            "values": [
                {
                    "language": "{057e3006-1877-4bce-b936-939f86726b63}",
                    "value": "Capuccino"
                }
            ]
        },
        {
            "properties": {
                "__categories": [
                ],
                "__groups": [
                ],
                "description": {
                    "enabled": true,
                    "type": "text",
                    "value": "",
                    "visible": true
                },
                "id": {
                    "enabled": true,
                    "type": "uuid",
                    "value": "{1ceaf8e4-a4d3-48c3-8443-062f1326476a}",
                    "visible": true
                },
                "name": {
                    "enabled": true,
                    "type": "text",
                    "value": "strFillTank",
                    "visible": true
                },
                "path": {
                    "enabled": true,
                    "type": "text",
                    "value": "/",
                    "visible": true
                }
            },
            "values": [
                {
                    "language": "{057e3006-1877-4bce-b936-939f86726b63}",
                    "value": "Please fill tank"
                }
            ]
        },
        {
            "properties": {
                "__categories": [
                ],
                "__groups": [
                ],
                "description": {
                    "enabled": true,
                    "type": "text",
                    "value": "",
                    "visible": true
                },
                "id": {
                    "enabled": true,
                    "type": "uuid",
                    "value": "{450f8073-6b63-4b61-8551-82dbf8e37051}",
                    "visible": true
                },
                "name": {
                    "enabled": true,
                    "type": "text",
                    "value": "strPreparing",
                    "visible": true
                },
                "path": {
                    "enabled": true,
                    "type": "text",
                    "value": "/",
                    "visible": true
                }
            },
            "values": [
                {
                    "language": "{057e3006-1877-4bce-b936-939f86726b63}",
                    "value": "Preparing your\\ncoffee"
                }
            ]
        },
        {
            "properties": {
                "__categories": [
                ],
                "__groups": [
                ],
                "description": {
                    "enabled": true,
                    "type": "text",
                    "value": "",
                    "visible": true
                },
                "id": {
                    "enabled": true,
                    "type": "uuid",
                    "value": "{50bd6849-e1d8-49a6-a0df-fe3915799419}",
                    "visible": true
                },
                "name": {
                    "enabled": true,
                    "type": "text",
                    "value": "strRefilling",
                    "visible": true
                },
                "path": {
                    "enabled": true,
                    "type": "text",
                    "value": "/",
                    "visible": true
                }
            },
            "values": [
                {
                    "language": "{057e3006-1877-4bce-b936-939f86726b63}",
                    "value": "Refilling tank"
                }
            ]
        },
        {
            "properties": {
                "__categories": [
                ],
                "__groups": [
                ],
                "description": {
                    "enabled": true,
                    "type": "text",
                    "value": "",
                    "visible": true
                },
                "id": {
                    "enabled": true,
                    "type": "uuid",
                    "value": "{535b5de0-356b-4c24-a5a4-a65378f34a41}",
                    "visible": true
                },
                "name": {
                    "enabled": true,
                    "type": "text",
                    "value": "strClose",
                    "visible": true
                },
                "path": {
                    "enabled": true,
                    "type": "text",
                    "value": "/",
                    "visible": true
                }
            },
            "values": [
                {
                    "language": "{057e3006-1877-4bce-b936-939f86726b63}",
                    "value": "Press to close"
                }
            ]
        },
        {
            "properties": {
                "__categories": [
                ],
                "__groups": [
                ],
                "description": {
                    "enabled": true,
                    "type": "text",
                    "value": "",
                    "visible": true
                },
                "id": {
                    "enabled": true,
                    "type": "uuid",
                    "value": "{53e7a581-7498-4bd3-bdcc-459d76a53a0e}",
                    "visible": true
                },
                "name": {
                    "enabled": true,
                    "type": "text",
                    "value": "strSecs",
                    "visible": true
                },
                "path": {
                    "enabled": true,
                    "type": "text",
                    "value": "/",
                    "visible": true
                }
            },
            "values": [
                {
                    "language": "{057e3006-1877-4bce-b936-939f86726b63}",
                    "value": "secs"
                }
            ]
        },
        {
            "properties": {
                "__categories": [
                ],
                "__groups": [
                ],
                "description": {
                    "enabled": true,
                    "type": "text",
                    "value": "",
                    "visible": true
                },
                "id": {
                    "enabled": true,
                    "type": "uuid",
                    "value": "{69c65333-8632-400f-9e3d-7c41578fb162}",
                    "visible": true
                },
                "name": {
                    "enabled": true,
                    "type": "text",
                    "value": "strResume",
                    "visible": true
                },
                "path": {
                    "enabled": true,
                    "type": "text",
                    "value": "/",
                    "visible": true
                }
            },
            "values": [
                {
                    "language": "{057e3006-1877-4bce-b936-939f86726b63}",
                    "value": "Press to resume"
                }
            ]
        },
        {
            "properties": {
                "__categories": [
                ],
                "__groups": [
                ],
                "description": {
                    "enabled": true,
                    "type": "text",
                    "value": "",
                    "visible": true
                },
                "id": {
                    "enabled": true,
                    "type": "uuid",
                    "value": "{6d0fe0ee-733c-4aa3-8a92-5fa34498fc07}",
                    "visible": true
                },
                "name": {
                    "enabled": true,
                    "type": "text",
                    "value": "strSecValue",
                    "visible": true
                },
                "path": {
                    "enabled": true,
                    "type": "text",
                    "value": "/",
                    "visible": true
                }
            },
            "values": [
                {
                    "language": "{057e3006-1877-4bce-b936-939f86726b63}",
                    "value": "39"
                }
            ]
        },
        {
            "properties": {
                "__categories": [
                ],
                "__groups": [
                ],
                "description": {
                    "enabled": true,
                    "type": "text",
                    "value": "",
                    "visible": true
                },
                "id": {
                    "enabled": true,
                    "type": "uuid",
                    "value": "{813a3789-0850-415f-b0e5-4cc8ea73cf40}",
                    "visible": true
                },
                "name": {
                    "enabled": true,
                    "type": "text",
                    "value": "strMinValue",
                    "visible": true
                },
                "path": {
                    "enabled": true,
                    "type": "text",
                    "value": "/",
                    "visible": true
                }
            },
            "values": [
                {
                    "language": "{057e3006-1877-4bce-b936-939f86726b63}",
                    "value": "3"
                }
            ]
        },
        {
            "properties": {
                "__categories": [
                ],
                "__groups": [
                ],
                "description": {
                    "enabled": true,
                    "type": "text",
                    "value": "",
                    "visible": true
                },
                "id": {
                    "enabled": true,
                    "type": "uuid",
                    "value": "{8aecdd35-993f-4bfa-b0ec-daaf6d0586a0}",
                    "visible": true
                },
                "name": {
                    "enabled": true,
                    "type": "text",
                    "value": "strDefaultMinValue",
                    "visible": true
                },
                "path": {
                    "enabled": true,
                    "type": "text",
                    "value": "/",
                    "visible": true
                }
            },
            "values": [
                {
                    "language": "{057e3006-1877-4bce-b936-939f86726b63}",
                    "value": "5"
                }
            ]
        },
        {
            "properties": {
                "__categories": [
                ],
                "__groups": [
                ],
                "description": {
                    "enabled": true,
                    "type": "text",
                    "value": "",
                    "visible": true
                },
                "id": {
                    "enabled": true,
                    "type": "uuid",
                    "value": "{a64ae098-592e-420e-9ddf-7a572e66f5d1}",
                    "visible": true
                },
                "name": {
                    "enabled": true,
                    "type": "text",
                    "value": "strRemaining",
                    "visible": true
                },
                "path": {
                    "enabled": true,
                    "type": "text",
                    "value": "/",
                    "visible": true
                }
            },
            "values": [
                {
                    "language": "{057e3006-1877-4bce-b936-939f86726b63}",
                    "value": "remaining"
                }
            ]
        },
        {
            "properties": {
                "__categories": [
                ],
                "__groups": [
                ],
                "description": {
                    "enabled": true,
                    "type": "text",
                    "value": "",
                    "visible": true
                },
                "id": {
                    "enabled": true,
                    "type": "uuid",
                    "value": "{bba3f550-93ed-44ee-b486-d7ac4f4d886e}",
                    "visible": true
                },
                "name": {
                    "enabled": true,
                    "type": "text",
                    "value": "strLatte",
                    "visible": true
                },
                "path": {
                    "enabled": true,
                    "type": "text",
                    "value": "/",
                    "visible": true
                }
            },
            "values": [
                {
                    "language": "{057e3006-1877-4bce-b936-939f86726b63}",
                    "value": "Latte"
                }
            ]
        },
        {
            "properties": {
                "__categories": [
                ],
                "__groups": [
                ],
                "description": {
                    "enabled": true,
                    "type": "text",
                    "value": "",
                    "visible": true
                },
                "id": {
                    "enabled": true,
                    "type": "uuid",
                    "value": "{bda15a39-f7be-4cbb-8510-66f83b64820e}",
                    "visible": true
                },
                "name": {
                    "enabled": true,
                    "type": "text",
                    "value": "strPleaseWait",
                    "visible": true
                },
                "path": {
                    "enabled": true,
                    "type": "text",
                    "value": "/",
                    "visible": true
                }
            },
            "values": [
                {
                    "language": "{057e3006-1877-4bce-b936-939f86726b63}",
                    "value": "Please wait"
                }
            ]
        },
        {
            "properties": {
                "__categories": [
                ],
                "__groups": [
                ],
                "description": {
                    "enabled": true,
                    "type": "text",
                    "value": "",
                    "visible": true
                },
                "id": {
                    "enabled": true,
                    "type": "uuid",
                    "value": "{c57f13c9-e0bd-4992-b7a0-b9c98af404a0}",
                    "visible": true
                },
                "name": {
                    "enabled": true,
                    "type": "text",
                    "value": "strDefaultSecValue",
                    "visible": true
                },
                "path": {
                    "enabled": true,
                    "type": "text",
                    "value": "/",
                    "visible": true
                }
            },
            "values": [
                {
                    "language": "{057e3006-1877-4bce-b936-939f86726b63}",
                    "value": "39"
                }
            ]
        },
        {
            "properties": {
                "__categories": [
                ],
                "__groups": [
                ],
                "description": {
                    "enabled": true,
                    "type": "text",
                    "value": "",
                    "visible": true
                },
                "id": {
                    "enabled": true,
                    "type": "uuid",
                    "value": "{c79dc9cd-113f-4b66-9af0-1326e66387e7}",
                    "visible": true
                },
                "name": {
                    "enabled": true,
                    "type": "text",
                    "value": "strAmericano",
                    "visible": true
                },
                "path": {
                    "enabled": true,
                    "type": "text",
                    "value": "/",
                    "visible": true
                }
            },
            "values": [
                {
                    "language": "{057e3006-1877-4bce-b936-939f86726b63}",
                    "value": "Americano"
                }
            ]
        },
        {
            "properties": {
                "__categories": [
                ],
                "__groups": [
                ],
                "description": {
                    "enabled": true,
                    "type": "text",
                    "value": "",
                    "visible": true
                },
                "id": {
                    "enabled": true,
                    "type": "uuid",
                    "value": "{c87ec8fa-c60e-4def-a003-f3d18d62768f}",
                    "visible": true
                },
                "name": {
                    "enabled": true,
                    "type": "text",
                    "value": "strStart",
                    "visible": true
                },
                "path": {
                    "enabled": true,
                    "type": "text",
                    "value": "/",
                    "visible": true
                }
            },
            "values": [
                {
                    "language": "{057e3006-1877-4bce-b936-939f86726b63}",
                    "value": "Start"
                }
            ]
        },
        {
            "properties": {
                "__categories": [
                ],
                "__groups": [
                ],
                "description": {
                    "enabled": true,
                    "type": "text",
                    "value": "",
                    "visible": true
                },
                "id": {
                    "enabled": true,
                    "type": "uuid",
                    "value": "{f01cb45e-8693-463f-ab02-6d2468907269}",
                    "visible": true
                },
                "name": {
                    "enabled": true,
                    "type": "text",
                    "value": "strLowWater",
                    "visible": true
                },
                "path": {
                    "enabled": true,
                    "type": "text",
                    "value": "/",
                    "visible": true
                }
            },
            "values": [
                {
                    "language": "{057e3006-1877-4bce-b936-939f86726b63}",
                    "value": "Low water level"
                }
            ]
        },
        {
            "properties": {
                "__categories": [
                ],
                "__groups": [
                ],
                "description": {
                    "enabled": true,
                    "type": "text",
                    "value": "",
                    "visible": true
                },
                "id": {
                    "enabled": true,
                    "type": "uuid",
                    "value": "{f5068084-5b99-4411-86fa-2a10dc906ba7}",
                    "visible": true
                },
                "name": {
                    "enabled": true,
                    "type": "text",
                    "value": "strEspresso",
                    "visible": true
                },
                "path": {
                    "enabled": true,
                    "type": "text",
                    "value": "/",
                    "visible": true
                }
            },
            "values": [
                {
                    "language": "{057e3006-1877-4bce-b936-939f86726b63}",
                    "value": "Espresso"
                }
            ]
        }
    ]
}
