{
    "images": [
        {
            "id": "{4000c01e-d6b4-4923-8c82-d0e329d70077}",
            "name": "Art",
            "type": "RGB"
        },
        {
            "id": "{c3c0cc6e-6ac3-4ad3-aabb-fac856885c40}",
            "name": "cup",
            "type": "RGB"
        },
        {
            "id": "{f103340d-deab-48c8-8975-8a70757e372c}",
            "name": "Settings",
            "type": "RGB"
        },
        {
            "id": "{94884a27-4333-4d7b-9ac0-971770b5f347}",
            "name": "WiFi",
            "type": "RGB"
        },
        {
            "id": "{5b67f11e-d771-412b-a625-fbba3c06cf83}",
            "name": "Image0",
            "type": "RGB"
        },
        {
            "id": "{0235480a-3b23-45cd-93f2-989aa952c2cc}",
            "name": "coffeemakersmall",
            "type": "RGB"
        },
        {
            "id": "{db37ccb3-1d44-4c88-8f53-eef633f10524}",
            "name": "vertbar",
            "type": "RGB"
        },
        {
            "id": "{0932e1a1-f51e-40bd-85ce-f11c7585c01f}",
            "name": "Start",
            "type": "RGB"
        },
        {
            "id": "{e6c652c4-361c-4fdc-8154-798c26345d2d}",
            "name": "coffee1_small",
            "type": "RGB"
        },
        {
            "id": "{5fd6ae5e-fdc2-4f60-94a3-43b5290f33b5}",
            "name": "coffee1_select",
            "type": "RGB"
        },
        {
            "id": "{0b748c1e-a2f0-4ce9-9a8d-5f78080efc39}",
            "name": "coffee2_select",
            "type": "RGB"
        },
        {
            "id": "{70edb846-8972-4b33-bf60-757b06875fa2}",
            "name": "coffee2_small",
            "type": "RGB"
        },
        {
            "id": "{ac7bf831-072c-4260-b459-4263556b8bc4}",
            "name": "coffee3_select",
            "type": "RGB"
        },
        {
            "id": "{93466a9b-1bf9-4c5f-8081-77d36825604f}",
            "name": "coffee3_small",
            "type": "RGB"
        },
        {
            "id": "{345add12-c5cb-4048-8f35-101626739486}",
            "name": "coffee4_select",
            "type": "RGB"
        },
        {
            "id": "{afc1568e-8402-4a2b-abb3-5faa020eabaa}",
            "name": "coffee4_small",
            "type": "RGB"
        },
        {
            "id": "{62acead5-2413-4822-b6b8-92f63989ee47}",
            "name": "circleback",
            "type": "RGB"
        },
        {
            "id": "{77fc05f1-714c-4d22-81d2-b92411dce856}",
            "name": "coffeemakersmall2",
            "type": "RGB"
        }
    ],
    "paths": [
    ]
}
