{
    "0": {
        "advance": 22,
        "bearingX": 2,
        "bearingY": 26,
        "codePoint": 48,
        "height": 27,
        "width": 18
    },
    "1": {
        "advance": 14,
        "bearingX": 1,
        "bearingY": 26,
        "codePoint": 49,
        "height": 26,
        "width": 11
    },
    "2": {
        "advance": 21,
        "bearingX": 2,
        "bearingY": 26,
        "codePoint": 50,
        "height": 26,
        "width": 17
    },
    "3": {
        "advance": 22,
        "bearingX": 2,
        "bearingY": 26,
        "codePoint": 51,
        "height": 27,
        "width": 18
    },
    "4": {
        "advance": 23,
        "bearingX": 2,
        "bearingY": 26,
        "codePoint": 52,
        "height": 26,
        "width": 19
    },
    "5": {
        "advance": 21,
        "bearingX": 2,
        "bearingY": 26,
        "codePoint": 53,
        "height": 27,
        "width": 17
    },
    "6": {
        "advance": 22,
        "bearingX": 2,
        "bearingY": 26,
        "codePoint": 54,
        "height": 27,
        "width": 18
    },
    "7": {
        "advance": 20,
        "bearingX": 1,
        "bearingY": 26,
        "codePoint": 55,
        "height": 26,
        "width": 18
    },
    "8": {
        "advance": 22,
        "bearingX": 2,
        "bearingY": 26,
        "codePoint": 56,
        "height": 27,
        "width": 18
    },
    "9": {
        "advance": 22,
        "bearingX": 2,
        "bearingY": 26,
        "codePoint": 57,
        "height": 27,
        "width": 18
    }
}
