{
    "images": [
        {
            "id": "{b9eb51b2-71fa-4343-9840-2795e2b5b77d}",
            "name": "imgButton1",
            "type": "RGB"
        },
        {
            "id": "{1ae9c9a0-05fa-43d5-8f6a-8a97759999da}",
            "name": "imgButton2",
            "type": "RGB"
        },
        {
            "id": "{fc00d940-8da4-4958-9b5c-5acf7bf9c57b}",
            "name": "mchpBlackLogo",
            "type": "RGB"
        },
        {
            "id": "{e7b8d83e-a38f-43d1-9651-655002545467}",
            "name": "mgsLogo",
            "type": "RGB"
        },
        {
            "id": "{ad9114ae-9760-4449-b01d-591cbcfaf2b0}",
            "name": "QR",
            "type": "RGB"
        }
    ],
    "paths": [
    ]
}
