{
    "0": {
        "advance": 50,
        "bearingX": 4,
        "bearingY": 59,
        "codePoint": 48,
        "height": 60,
        "width": 42
    },
    "1": {
        "advance": 33,
        "bearingX": 3,
        "bearingY": 59,
        "codePoint": 49,
        "height": 59,
        "width": 23
    },
    "2": {
        "advance": 49,
        "bearingX": 6,
        "bearingY": 59,
        "codePoint": 50,
        "height": 59,
        "width": 38
    },
    "3": {
        "advance": 49,
        "bearingX": 4,
        "bearingY": 59,
        "codePoint": 51,
        "height": 60,
        "width": 41
    },
    "4": {
        "advance": 52,
        "bearingX": 4,
        "bearingY": 59,
        "codePoint": 52,
        "height": 59,
        "width": 44
    },
    "5": {
        "advance": 47,
        "bearingX": 5,
        "bearingY": 59,
        "codePoint": 53,
        "height": 60,
        "width": 38
    },
    "6": {
        "advance": 50,
        "bearingX": 4,
        "bearingY": 59,
        "codePoint": 54,
        "height": 60,
        "width": 41
    },
    "7": {
        "advance": 45,
        "bearingX": 3,
        "bearingY": 59,
        "codePoint": 55,
        "height": 59,
        "width": 39
    },
    "8": {
        "advance": 50,
        "bearingX": 4,
        "bearingY": 59,
        "codePoint": 56,
        "height": 60,
        "width": 41
    },
    "9": {
        "advance": 50,
        "bearingX": 4,
        "bearingY": 60,
        "codePoint": 57,
        "height": 61,
        "width": 41
    }
}
